<?xml version='1.0' encoding='UTF-8'?>  
<!DOCTYPE hibernate-mapping PUBLIC "-//Hibernate/Hibernate Mapping DTD 3.0//EN" "http://hibernate.sourceforge.net/hibernate-mapping-3.0.dtd">

 <hibernate-mapping>  
          <class name="com.bridge.pojo.Student" table="student">  
          <id name="userName">  
          <generator class="assigned"></generator>  
          </id>  
          <property name="fName" ></property>  
          <property name="passWord"></property>
          <property name="dob"></property>
          <property name="lName"></property>
          <property name="contactNumber"></property>
          <property name="eMail"></property>          
       </class>  
</hibernate-mapping>  
  